<?xml version="1.0" encoding="UTF-8"?>
<productos>
    <producto>
        <id>1</id>
        <nombre>Smartphone Samsung</nombre>
        <precio>799.99</precio>
        <categoria>Electrónica</categoria>
        <detalles>
            <descripcion>Un smartphone de última generación con pantalla AMOLED.</descripcion>
            <marca>TechCorp</marca>
            <fecha_lanzamiento>17-06-2023</fecha_lanzamiento>
        </detalles>
    </producto>
    <producto>
        <id>2</id>
        <nombre>Portátil ASUS</nombre>
        <precio>1299.99</precio>
        <categoria>Informática</categoria>
        <detalles>
            <descripcion>Portátil ultraligero con batería de larga duración.</descripcion>
            <marca>CompuTech</marca>
            <fecha_lanzamiento>20-12-2019</fecha_lanzamiento>
        </detalles>
    </producto>
    <producto>
        <id>3</id>
        <nombre>Auriculares Pro</nombre>
        <precio>199.99</precio>
        <categoria>Accesorios</categoria>
        <detalles>
            <descripcion>Auriculares con cancelación activa de ruido.</descripcion>
            <marca>SoundMax</marca>
            <fecha_lanzamiento>11-05-2022</fecha_lanzamiento>
        </detalles>
    </producto>
</productos>
